SerialNumber,FileName,UUID,Hash
1,adewale-the-amebo,cad316c3-37f8-4b27-9f53-9d803bfcfee7,8a94ded9baf5e581651dcd17491f8f82a73c23f5555e9dffd25f72b27f14a258
2,alli-the-queeny,a57ecda4-a26f-4e97-a757-e1800af39aab,3e13cd357fae4767f7dba222fbd2c405577db061d50a5a2d4966650311f5a5d6
3,aminat-the-snnobish,0e37ed0d-3e84-4f32-a91f-ec9c4ba8c7de,ed429098e51319ac4c7258f2d552567b503ef411a071e9b358ce22ba54bbfcb7
4,aminu-the-carpenter,4f30b751-96e7-40fe-97fd-e3d44973ff2f,2b9bc07e103f7aaab9f7d8c50cb52f1acf9990b3f12d5eab21ffd5ef913cca92
5,chibuike-the-kudibag,5ce854f2-7ac1-46fd-b3fe-57583935d1e5,9fa224a9423e9e2b0d45619c4624e15862f79d9eb4dc75483c2a12b78d60bdb4
6,chidinma-the-model,c98db72e-49ac-4ca6-89d5-e00f5fbbcc45,de16e11e4dc08f03c59c441824200a0f2a662900bd567a8935244f3b9c9d52da
7,chioma-pretty- girl,182ea888-a85b-42ca-ad73-ed4f8f9aa5c7,78569ec04c3233150ea0b8bc5c76d052691a9d10af617a79ce821a84d42efec1
8,damilare-the-handsome,27eca2dc-d7df-474a-8f8f-1858152c711e,203a1c9014c92d1c64a0603fda673336cf9c7876503a7a78a2d6fcadd55ef4c8
9,ebiowie-the-planter,f1df8270-4d60-4bd4-8959-ba7c384db5c4,95d7e40c05e0518cae9678076116c507ed16c8b77fc03bee108d5e2cc2484563
10,emeka-the-businessman,9b3d75da-4887-4089-aee4-50de3954fdc9,262c71ca8465c0c7bee1533280d46d5c8821d60eb0ee3d1eedd531d94dab30cf
11,gbeminyi-the-monk,c8b1fd1d-8551-4bb4-8dc4-923a9aeb39fb,be3225fd964a96b1c03311e3c09ee5cb77f1b04fd1e3b8c1625c0a60da800b85
12,henry-the-sportsman,e1225451-bfdf-4a1f-8d37-9cce3a0bd67b,69709bbeb569dd9c2a6f125cb9f2f75030810a723e3c5e6edef367bcc02b4429
13,mayowa-the-smallie,dfbb4163-df24-4d54-b74c-6218a68df8bd,22ca12fc5a579de9d1dacaba73fefc2e0bc43be446a8576faa845d18952fbfb4
14,muyiwa-the-stylish,dcf9d5a0-57b7-4126-a05e-6c8f1045d3f7,7ae476f806d35d0e3257170f4406652b1ccbdb185185bfea1a3c658b4459d980
15,nina-paper-chaser,59524227-dc52-407c-8cca-e9e8c5fb3018,b01bb70a046531232748d4a59f37871aa79dfb6d7b8c88dd257c9c8cdb778775
16,oluwaseun-spicy,808f7007-6552-4efa-bd13-4b7c337b102b,f1424a323e413442a36d52689d0839574ebcd56f6ee26ea2dbeb7571449f2c02
17,sesan-the-smartie,ba3edda7-8940-4ca4-97ba-826398d5909f,6257017ca625f83a9f7d7e9e8e5c15a31e401c5c8a8e1a9a36cec508e0565b40
18,tiwa-london,78da7aeb-8352-4e25-89ac-dc48b5984089,3ef670a6550e814afa76713b8e913e9ce0c6519c8a125819e09123ba2adef9bd
19,tunde-yoruba-demon,53b46bd7-a537-402b-b249-0b4074a8faae,7ef44eb6adedaefc1b9c0fad76282fd4b3f948e172cca701f4e0594660ab196b
20,yakubu-the-zombie,4adb6781-1614-424e-8f77-fe59ffca2209,6924133dac0a69fbda4f14a58288cdb1f2672df59b1702c66e0a45dd407d228d
21,abdul-the-vibe,770f817a-9d9a-4772-9a91-e66dd9d03470,212ad86b4fbe18da40dcd6cd26d349b781c75f4894f8656dd556cb09084d75ee
22,emeka-the -clown,78810fa6-a7ef-4d83-bf57-caf49db4ee69,9bc4a30afa7ee9de45732dfb505530965828fc45cbcb80377091cbb2d983b489
23,salam-the-odogwu,f2957ded-022c-4b07-92c6-b345d4816a67,1289fb2882b23d7c36f2055508dee30506f91cc56b00c71be120e66b141644cf
24,charles-the-exporter,09395e76-19ed-4852-8748-795ee7496a8e,6bc55d0d8079737a744ab5e37fb6bbb6fae9cdb0a68c942d0d743261fbcf300c
25,wole-the-pimp,4d94d4f7-9b69-4e43-9db1-1fe83df92857,be70c30144f99671cc6bd306259787b50e529f5f3fb166fa38e4dd66c5f9e974
26,saro-the-baller,d35a7514-8996-42fb-a5f2-5a603ec679c5,46e6f23b8eaf6d7f832614a95134201398ccff5ab2e50792134f3bea8d7d6d4f
27,ade-omo-yoruba,92984fa0-310b-4377-8a10-15965d044383,85a99f59c0b9393cd935e22bca7bfe9a96f24de610ddc767d7fb8f38b6575564
28,shola-cool kid,3ac5c186-bc14-4eb6-8567-cc818465a64f,979299f3f84077bc00d870b5f53ca1ff2de3176a711cebe2c1a97f077eb7ef1a
29,charlie-the-smoker,71a0aa22-d111-43b7-8484-43d87310bc42,29bff343482ae505ca70612020dedcdddf0d94e7ba67cbcd830c2e65f7a1ccd2
30,femi-the-badguy,e493e3fb-a8a0-455a-854f-0f6474bbc69f,956a9305c2c6ce950aa2a85006d66dfdec5bbefe6cb71bd0c05bddd5dc1b22cc
31,sinzu-money,942f8347-9932-4331-bd15-d0f3a048b54f,9ac1096eab867f328330c9a2fa369a04f1f7fc74f2fa307662dab8f485f7790f
32,obinna-the-palmwine tapper,0f1af056-2548-4407-bed4-abc11deae05d,07eed4d72b597f027872d015ed03c5e06f9d64ac45b91468f5b19e086d497384
33,aminu-maikudi,0129e7a5-e3d0-4675-92d0-1a1e55d11612,912c6e3ad5429cb830f33176c91778553608ef612172a77c3e13a1a12885c7e3
34,sabinus-the-town crier,01d4ce96-818e-44b1-8813-68a7d34b35ba,baec22bd5ca042a911f144fe8144451fe140947f7d3368a06fd0069aacb2b692
35,adisa-ibadan,3a925f27-35f6-4dbf-9960-c6527fae5f3e,a72ac90ee2a6b90312370e9eea8545628572901e8c8122f817f2dd60ffb561a9
36,linda-the-navigator,71f335a6-5a4f-4410-9cea-179336f0e498,0d82ac02e75b6c3c594f45febd6e11dd4e40952d8d6e9556ea87a5ef0bd7a36c
37,kemi-the-iron lady,35b11a31-5b92-49f4-8fb1-30f255d22054,f16ba38ed88f9dc93ff37e6cd73db6e79296ceb3dd24b34924051083f623cdab
38,mercy-the-sassy lady,7a3c70ac-927f-4a63-a3df-ab86dd27cd0f,db3dc22e4bea1102d0718fe47f8146a7325075c376d4144c6a758e4b0b9e99c8
39,sandra-money,1bd95fb0-7b2e-4354-bebd-22f9cf70a1ca,cce4b9a8b84e3e73666ee120ba1d52b5929eb9c1b5bab126f12d5483ae9886fc
40,bimpe-the-fashionista,92b548b7-998b-46b6-8198-80d407209483,360ea6e7cc145874fd35425668b00d39ab578ccccdca33da2627f8218297a7cb
41,,,b3b86eb0f9ddf0e7567a88c78ee2271eac3a33d2f5437aea3998035fca91aa99
42,,,3f4631140771d7d2a22d83c60eee41a87d61745ccbc59d6bf0bfcf18f68e1780
43,,,4888f883f36c91dcf2def219e190a8b5589fe270292a4081b3a186861f9aa34f
44,,,75a9d1b26763234bcd6fdaed4e6593f180997a7d16a5e965130ff887269ece5a
45,,,189ffb38c87978bfd70820baf80a75621c6e110ec1dc679835dfa85a0ca8d030
46,,,6ec0ab1bff6fd3460764dd922f2901c12ac9d62c3f54bd206f18641677143629
47,,,45821aba9e2448b7dba0c618bfc012b0547ef97eb7626a14c33e5d4118cfed3b
48,,,b38b5160a0ff97fff36838e40aa841d0476108ddc9da35d92b6e925d42c74069
49,,,4a891770fdb3565299d00a22ff167e13c6614557b09cf5e792b00b567d1bff29
50,,,c4437a0e794de67b1a05419d07c375d29eb2c18e21017a75adbd48f408a15714
51,,,54b0f0eadcb73dc8bb0dc7cd75effc9403870c7843d2509b4010bc433113881c
52,,,8b716a00579285650107006b36ac434d144bd1f9844815434d3279b405b3bc26
53,,,322d52efd59cc0c2b65b360e40273dfff85b9a4ab93877e1d4cdc8d9282939ee
54,,,4a303023925f097c3f5042874e6754c3fcbe46d08cef1b650575604f2f8582ab
55,,,975dec19e45e2c9ef991415049c37c9b004f0b7a3c2bfef9130c37e32e99df94
56,,,07d789f1b2022e19d97f828319090c7cbc968e78ba400248b6e693930f60c960
57,,,e6e9e924a562cae8ad675793ab10c369e68fc2ffb8d8249a61dc7703409d62a6
58,,,d18d172b8d12dd4d5d9e4125c16afc28ac013cc536f94fcb971d5e4ccb4149c0
59,,,4cc6aefcd99b431fd123533a8cff6e623823f5c69e332c1135b246b5fb37e97e
60,,,da40a24a3cac6707f81280d1bbec87b8254b7e50767aad748b4a6af2e5c56c07
61,,,ed57fe6eda2d86d9a8d4dc5bbe59aa8c2da5c87ba635d6092a060422bf2febcb
62,,,e6844d29bd18fb8d113808fd1cb32ad3f2f33367a0f190d26a109d9c1fca9605
63,,,368bd4849c632708d93843ac5d0d843a0fd7ed8310638dfa3489fc7699282bdb
64,,,4d41aeb65d8c8740c7b3b119679156b556a13f299c603e681a93347c935b6645
65,,,bccaa7e61ae3e7c542412b040ad1d9f4f5a54138060aee88cfd31eacb213eec0
66,,,2f9361adb979fca6f420bb96c4aca5c9e20c7a424efdcdcd48891e105e823c1c
67,,,cdaab95d9254997e5c7994a592e8ffefe8cba6e3391b375d2de11f4a0469d609
68,,,d8e98fe5231fd7caaec7bd70e5848fb4d3a3edd5ffda7f7cbaa20ddd036b1849
69,,,a6de2eb4e958202058ff996cc77295d510cd5997bf361fe5e810c8773ab2fe50
70,,,3092c26cb26066c4182ea6c46756b32e7356632ff8c3a25dc78620c949156c2f
71,,,e34d894803f99ec06f4fc1a3c5a10be80ea1b44cb5bf911669d730b65099bca8
72,,,fc732050eb0071f67c8688f3bc9a987be788613835b5293f5db4ddf513d95d1a
73,,,8a1e283e439fec0706c820db8a8342b2c890b104b798dc138d64a7aca1599b0d
74,,,74db936885e71a1ff91ffda364bd872209ede779a8d894c954702972e15a6948
75,,,2031bfd7a7ba4b67def38899fbdd1d40621dcc3fd448a8802890f86394a52fe8
76,,,b983d52bd51aa9712ee6102cb02365ea41ae3681559b09602fd083787e8020fc
77,,,8100d728f13addeca5443aabb72070f635d4c806374247f8d2408158f71abd46
78,,,92a1610f7ef9d44445ca4a2e04d58a035328cc7b48c27816f4e6732b523ad99a
79,,,67adda9009d87264ec0cc554390db7c2d709664ed78c8c9c4323e970a6d0149d
80,,,e80cf6d5091cb7a9131fe300345fd4dca1b405b026f3f5eb05617419aeef3c4e
81,,,cf7464e0bc0363f2919b6a75fca79240638474b0920b7261cf19c4e7ec597e37
82,,,793bd23c96621cc44a33bda7be36acc99d1a371e6859e39b0ab4b0425f75d93e
83,,,b321ec151cf6bed0309772f6052f9f9438782ee726e3e63381feb0c11ac77817
84,,,f5aec05d1aa9e3f5ce6ed79884dad1ab90b99a0d4b7248aa240c92315df9d319
85,,,7d6956aae01b032bf4f7eb3c769b2c40b128f9e4cd24274f8d1e3089d4c5b193
86,,,f2332454f920d72e7ad676cd40d6105df7b7fce1a189842c4abe1b95cbd03da2
87,,,f43249afbc5e81e175cd5ae574a4a3e5ab1ae6d6c2a6a8a40b93fdf5498d6b7e
88,,,87a4eae04ca534520c7e02617931ab08981bbdf2eb23d1dcf9e1be10796745fa
89,,,8524be3e3140285b412148ecb3a23dab5f9f895986cc77d40eb391925587321f
90,,,9753c581329bfe26ca81cb028d26467704f2fc6ef95ce7edd7970e7c359a85f0
91,,,2c34e7901354e2915edf402fa732e11f43c4d7276cd07d85be9831a5a0bc6ddf
92,,,c293884d39a729782d5a801377b0d81057c4952a55a0afe313929364638cec86
93,,,411055d93fd856f9c350e099b320ffc3f2447d3d6080908389df86acd02180b7
94,,,09824ba18749df383f9d9c5b9a11ec0a2b81e3995cd4c81d1c9c30b7b1e182f7
95,,,8308cb0ccbb6141ddf18bc2ec4ff415105b9b25953996269bf386dd9bd540fe2
96,,,10b8f72975261a6ebbf94d1c3ab567adb0cf40812a1b55ec54d6a1bbd88e2d95
97,,,68c16f7ff50cfd88e58fbe603d22e4f0f01b9a059ecc1e14cd714bc74c46c8cb
98,,,0102c39dd94936797df5adef186eeed6e915554eea8b14bdd0694ec2a9e1da94
99,,,e67e821fae8bf15d319439ca091217081990d363aeedefb466138286d055c00d
100,,,d74d0c9016033951bb26ca09a797a50d79c09859639cf0e6b03d386d46dc44ef
101,,,a1ab376eeab7931f6bec237d3c8eab4313561284d4b5020c0cdcd3dfc12dcf57
102,,,e0f90d13f9ddade8ae5eeac48215efb5e96eff1e7715cc0e52f3125876b6d15d
103,,,edf5fdc523af0f41b55a522992c2fe7df304acb0e7f499cf1dedc144f87935b9
104,,,fed35050c12a4617cedf0dbb56528d3e9cc77424cd3d335619fd9f327c9552dd
105,,,91b557d5a8850b211ce92c3db9bd99b4ec0ff3b0e8d9e6e235bfb662755897a3
106,,,11a178c9926afc96083ebcc11dcdf5cd815b6edbac58baf2fc4e69563787b3d0
107,,,6e2fdb10f65c221ba7294d6588ee601d11fae26c56df2824f465c6e91941db5d
108,,,9a3be0b4e90ec6ec7828ef7358c5e6fa57bceef5d1b4ad0a16b21a6a92fe5e56
109,,,caecdd5dae046ced05e686108a66f1dd66111ad3fe13ccbca6b51f2d6f85c517
110,,,485a55ea2946e00a93dbe21238e3f7b17a72a5d6684d73e8a6d0d945ed73067d
111,,,7ac8d06d757c930f4ba1b6683eace5c6cff675a52f67e772bcd7b1c04c3e8877
112,,,3caa375106d8025a9bee9afb4cf59dcc386b0f667fdc95e3bc2f4536d2cc4a63
113,,,9450d0ad20d04cbdcf5a9c15621c0625c4316bbf997fd371a39f872defb43935
114,,,6b8a94f4415a83ab24c235d780e7b00c4a71e8fdf44e290dae14cdd79818c39d
115,,,46280db70fbfe3c6c38592c02e9838ae957a9db542d1383166ae102b71374f06
116,,,09a5232fc278b3f0e0cf7c1e5db0134637f3ba64d6fa49be53b1b2e609481a90
117,,,2b5e77726f42ed1d8a415f8975e5d7e14c1d5704a69b0ca785ec3462b74541ef
118,,,4db1b893cddf9f33735e6a9716d5ea65883d43995f32560be7e5f30035cb5ca1
119,,,61e5db2f0e70022395b0e3ac10863901a0d5b4c229f16bc09d12b21d902b43f2
120,,,e84780bee5f7ec7b95cca49e154fb9de70cddc459caf8335fa12038c5bc46b27
121,,,d0f689eb1a2d946634fe83fc25a5b86d568aa8ccbf861554ae903cba3386e84b
122,,,f779ee7b9fb23ad1d35e134ca6a0391cd8512220987bdfa15977506cfc7a596e
123,,,fbc2381fbb77053dfd10cedeefb0dde9cfb245381d2d939581c5b2035d14bd3b
124,,,79cbb09b01b536c119654941ed1768fac65bd073bb8cec018f58061a5c0cf2a5
125,,,7b74cd780474a2b23b1910bff285f056ed5f827326e18abf36648822ae46370a
126,,,7ef72f7b44c2b273a9685a89f5b9e92a9361f24008b700c46efe8094569451d1
127,,,7a3c04b6e935fb23e7ea4da8dc2b909204c98595dd2616a4f1439f2a8aee2a6c
128,,,411c90af2e045ca2bef48d5723e566eba349da9274722d085f08ebb3dd888ba5
129,,,a65a84a758129e5ce1f1578c5a662f70108b2d8cce0bd0a9ce223113efb7adc4
130,,,25d21d740ff02b5d6ca947b8a6cfa68b6961f64b9585a028b4baea153e3eb08a
131,,,b21c69d1275499d6aa7b0911055b8478b54ae62d078f8aa1323179aac61bbee7
132,,,8a6f1e596f0759313da0443d78c6b463e863d21d9f79d63a300b93b5380caa98
133,,,fbbc4e938851c77e859d64bd913fed6e51066b03a36b39619a39158d1aee3e8b
134,,,14b1ebfac834719157917840b075c61de78bcf4515091f63b05a5234dbf20ff2
135,,,60333f0d3768c94b18b6c98e3a35a3fd1d0173aac64a5cb4f23a993f890b46b6
136,,,54090f8afaebb107b62b1c9afebe92b8126eaef3aef924741730da47fe94fc54
137,,,0f9d7f62f30b0153abddcdf90a6b8aaf9e62cef3034a93dc29dcfa2c0bba5913
138,,,1fbe5ebceac4488bb4d26c089f3da282301fd1473745fb9f84f2170460e558a0
139,,,c61f4d8483fa64243eaf50ab7e5ec31c74a296e67e2346ca4f01e5bf554d3c88
140,,,3e451e019076581a4d905a82bb32e68c4d770ad42edf51e019ec84c588099a93
141,,,350bd8171fe9ea77886acc6e4a1823783326f1eb1786302708f29a6146ec4628
142,,,f64f08fcaec3083a457dadd7982a2662d9f936fc2d6ba8339bda3ba7d045e7c3
143,,,03c4921fe4d2628b7e263cbf0f61ac45518a637f48fe4aa3ee058c495177edb8
144,,,df23cdc92c56187575f03889eaef5aab446fd8c78d90ac7d61b33fecc3cd85b6
145,,,241c53399c1c1223d0eb727426ca37ffb994bc4abcd3fdab448685875f68ac4a
146,,,9dba0b10397498ecd19b4b5dfc36a68b2c31313bf2d61a7136114435bf4a152b
147,,,1d6d278c9d746d69eb83011991cce6b71583070c68b9a9a95728aafaabe90c59
148,,,5a668bb06c684ff3ab7b134cfe9a46677d6733bccf558254f505d7ea563378ab
149,,,554765a9a222d282ca678d1d376d7054c668a17e919a637ae26d2569775ff840
150,,,0376069617889d6f641fa77da6e3ad4c873efa1ed0f95ae5e78a3f67e94fe84f
151,,,14585392bf75b5eb121304c54fb261c468c66cd4faa63ad211daf4ff707487ba
152,,,96fede13a481e53d95a358c9ce8f76798b2c39d01728bb3cecdad1a8b5b8bb1e
153,,,31f5207517e33b4cad4394911dd229d9a87df26b5fe65cf969595a4e9bfff9dd
154,,,30ad0f047223d89c208d56a2bbe3c0f2fb84b3a6bc3e765bf638ea1ff2757d81
155,,,1f0a8c9c914d96c624f1912ee55dc382873436bccb7fc419b4eb53eb3f5904ca
156,,,07dc3cd70e89a20042d54c522aceb013e715aeb503c384fdeab75017fc65de96
157,,,6921215860569837e6bd5f47ca72893c53f033af22457aa6b2af922f8b20c19f
158,,,0c81891801c41041e4407c6bebe23ae0992e30e9cdd278b66b439b3e27631f2e
159,,,88debdbb0ca8462351d2ee35aea1fc46d0a440d8f9a6457352864b448732b9d2
160,,,4b2917bbede8aa903b4cbfa4d6125328a33c87e9db1b784bd12c1923ce3a7e39
161,,,f61922642f517e9fb6d9bd8a237365b648adb4314be60bb77ad06bf9b61d6e44
162,,,80f87abf2200ade8079edcf3909c6120e959b139ca367b71f09b39f8854fa387
163,,,be37d60846006de547e7ac341325dc4a2c5c4ce0bd5c89f3bedbc2f48209e0dc
164,,,a28b317cf01387a789e8f27c808d22f3bf679a890bc9a75e7d3aad2398880afb
165,,,128a98c9c459288c712fe1743741b7053a26840bc013e12faad7c43b4b5c93ed
166,,,2fc9b8110a1160afe1adadea930f2bcc5531dca6a01c8e4c0f5ef0d08a70378a
167,,,64494e92a0668dec23637a5f70671e549ff37a58be40f917bd46cd9ed8006040
168,,,02c91be54af1a3b8c463512d285dd5222c475cfdd9d9f45529fb9b6462825097
169,,,4e1ec3f410fd3f7fd12a8a4ed9255dd2ea975a5e483d7ab7b03a61fa0fee25a4
170,,,224a3b046a8a3a7650e943eb320f96a170aa31dccc9b56a0310ec557c0e37bd5
171,,,c9f66c3b58232d4805fc22f54bc96de1a7c6882d9362f7f9497a3e64a71d808b
172,,,7bd54efc02b93549018fd29385bccb207b3146c6cf96d1a3073ff92e2830524a
173,,,efb4a2771bd9e8d25721cbe8c1f9f5aa784f09a874c5944fdc6ff14c68df18b9
174,,,18fc51c24868d7664901ee4f4498811d68d5b98949e6a354c8f3f3cc9fcc2a43
175,,,5b01e1005cb74f5b657fbbf6035572d2b6ff1b017f191ab5acc02778d54fcbd0
176,,,7ed9f48934dcb7f7b168bf542eec124be87265a1333695771ac4a2368c7e67fa
177,,,57f3401d1ccb6a6f06d1e03e4e2a8c922cf0b4fdf24c5cdfda7184cb8b98b7de
178,,,2b0a6315a860277141b29b5a4a46373f1f10a278343399bbcbb2db03a9c7108d
179,,,b26601c9301f2f50a7baaf957a07f44f04666d44d9e8074b29cf2142a2976d30
180,,,dcd76f9976c788c7bb3ddaa44592b7e5efffecca8a113f9f8a8e133eb275cdfd
181,,,552388b0a39766beb288baa6727a621c83715bc1c4aeb7108450622eae046e4e
182,,,53e850c71e03341ef514eb508d71495d29b61794ccc3fa62a43c2e773710f5ab
183,,,097a814ddc6ef5116bcfe4dbfc892d906e5e804f9ccb8128aa730aede0ab039d
184,,,43baedd5e83d53e304c31119558e19daf810bc23d42f2a79bdf59185e9ce8345
185,,,7f0d803710d5d7b041714a9e7646c1b0c973214a6c17f62e9a9e091ed4d6f489
186,,,e29c5645b3b56cbf777fbd9d0efeb864cb90bdd3914112295f9911712f5821ae
187,,,25df54b085f5873dcc59357cbc28a7750f84595d3b4625611850b1084ea693b0
188,,,d51f17b69e2dd275da0fe19933d81ccd78ece52d1a5ae2a2265468daacbd85c0
189,,,5c8cf976ec891f49aa4a1d4861c6324735f1240e1ecbcb487ba0e62a6ccddee3
190,,,76324f6b2e168473b59681506ebeff9495a092ac8fc456a103fd55772f66c7c6
191,,,87f9f2c94e960511cccb796e37185b2c2d0b9a5da76a6f6bad64b188381e2f07
192,,,ed1500a8deb13ef335f86521a1ef1b3b887625042967a9313ee10e3628d85a1c
193,,,74b18b7c02b71d75ad48793d008d8e1aa2e2d2b1b78a3a0f658c9edfa5857bd1
194,,,bee2e5d3a8e5dda74afb4f66d5b49a7f1c21598c2a852d75a3012e9a0facd679
195,,,5a8225ef543ccdf1e4a0677373f03883f4659cfe48a6953221181b17de23384b
196,,,d60b4a6512241ae8c70bfd9478f00e2f3d31ba78b54b30eca0613c63dc255aec
197,,,2987537d14d0bd65947fd506e20ffbfdf749a064465434a2c56f58e221285ea4
198,,,fa1606601c2de6e1921bb9c724920d29057d5f402c34a3bc1b9a3ed8a21ec7bb
199,,,fc78e0c96be5d8c6ae712c48db3a55db67b4d4397c4ea24da6727dee64117931
200,,,14e1bb868156ecd536e189d744feb0a22690d7042a2f700d9cf68588bf0593da
201,,,dc73d4058ae2fb280d6eeb8ab8bf1561df4f862ccd9494da292c08f1a1ca8437
202,,,29202117ac4a9a58adf94f0c1cfa45b197bd71cce4d2d5013c6de14c548896a2
203,,,d765ae209854d0e204c3db27723b607164200a293547b92cd833e56916a2a520
204,,,d73ebf6f2a3ce5a5864d8d087652a4d53e6d46ea4a67bfb8abb95aa1529ab20a
205,,,3212ebd16b7483636b8c0cb9a3fdc197dec884a64f873a3102cd3ba422a4ea48
206,,,c2d0a96ebe456c8a138e729e1576218cb541c5c45ab07f9d9bcf7bf5d5170f54
207,,,295ea1446e02b70ad17939d872c53b87da7342b8bce67d379bb6bea8d0a7985c
208,,,ecbbd3a2547becef38d8417cf4519c7909ded009b49b565f2bc9995e351360a2
209,,,3ad374c6c6a72079526c877eca0153059a6dc076158f23a3877d2c84bab0e03b
210,,,11d8e74eed9df747a1495a610b99b7a073f889ab928df76445486cc779ac74d2
211,,,888705b415f2614bc33d2f8ee0b3a4c68fe254f97ef7f498129cd6eaa2b476d2
212,,,cef93ea59165c0a2d3db3811e749c07c6f41c17779fd59032073e4ddc43e80c4
213,,,d233f902e9deae6c24710d91b2b103ba303be1b190c139543d61169f3953d811
214,,,84fdecb65b27eca5b47789fa64e80dea7591b5a5c3e55a047dbb8f5107a74ebe
215,,,51603c6cc817e4ce033f573ff7911d3a93ba9db3804c1d3d9ee580f8b4e36753
216,,,a606a1f95941504da152dd3c35801ffc242413731dac48415222e19e65e68c39
217,,,d2ad4dcdc65158be274c15c333309e99e2a9d78ceeef72a80fcc99461be32c84
218,,,dc30850a005cbd8bee496d6be914cf12616c685e504d6a0579c8f0b27267f54f
219,,,7beefae19655e2d7f7db00ef7a6e15980ef7998b6305cff057773a85aaa14d61
220,,,1bf7d7a14d324c19c7a093e8c031c821b2f540b2aaec507c224632b4ce91f21c
221,,,a49f7ade689943b7187a2a7581eac8bc7999a06067e3a7dc79c118f10cb6e1e2
222,,,dc6803f4d9cb5d65f96c3803aa76f0b05e80a4b3a1d4ab6ad183878feb8a8eb3
223,,,33ff127fb5e457bdff80e237187cabfbc198981d3324feed30a5f44fd1bd6fe6
224,,,b4bb503f2a32e5e1a047451d44a35b6b70a2df64cee73c2c2431afaa28a8e44c
225,,,4b44949857c5d9b1ee47635bf469ae6b467d75e9b13f166b498cc704bf22f77e
226,,,742d7c369c4755160e528a2e871ee3db0770efb5cde2f353f712e673e521023e
227,,,e8dfb359dfe84236766de235588f174b892b336cf9138394824e7362d07b4146
228,,,d5572f969e8078b19ca91539daa9ff29bf336ef422fa4cc2a4b2f37592920cbc
229,,,5883ed3d16eeb293d2c922017fa4acf2f9f90cf93b819346e6de388a03900b3d
230,,,7fe899a8d5b8d99073211b5e32c5af2ab851e5c5fb00de427ce056a5295a4cd5
231,,,178b7bdd22a59fa9a69bc069255c54f432bbe4e4ffe02be17a0a5615cb4276ac
232,,,196c120cf430b8cbceb1848648775cd458f6db5c571b8c6e77176f46b6181fc6
233,,,18d21d4c24a4348b83db08ce0eff380a4190e123b808053b80dc76dbef10818d
234,,,380a968dc995f46118477595eeac4b2de441201e5a24e19d43b083bd3325e568
235,,,58b959204a0d575071b2e86c263a8eddd1627a25ce681504d610f60976b050a0
236,,,f884768dbca79ed8bb1ca8016671d165e437681dea037b170efab27864137dfc
237,,,6acede6451efc00a8365181ec75e34447075827845cd250e9c4d643007543dae
238,,,6e77310b52982ce9e0bbd355d02c4fdde9cfc7c29c1992d69b85558861293a1e
239,,,3824ae4da3cd8a2d48264a06cf5bf3c455be8c09f8644a193140c63ba8207bac
240,,,cb14dd204853516c38c88469f5b1ec775fa498dc5a0faf52a87e74bf73bf50ba
241,,,da0a356208f3e8837b63c6d70aa6948ec6980940ae9d267c08c0835db407e118
242,,,61b79cbfd200a1a162305d21bdc680bfbc8b80b403baf8bfb9dde587642aac42
243,,,ef6352d96be2b7b7a2f3b6440e27d04d17fceabe8fb6fc981041877d572943e7
244,,,ca86be97ffd51a7010418e72c8e2a8a73ef0862978f0ff971f2b6cb9fb73af8f
245,,,10d0169b2a3d34d51f090c4b4800429dbf68155281187ecf6e5a8c7696f1e478
246,,,6e631e68d8a9c543d8ac703d8c41a92c60543b371015aef2ba7a91d8e68d9482
247,,,4943e85e071b88b2b215508d4ef7aba3039aa5e8ae8cead53b592a561d330a47
248,,,2f1fa22ad8aad66871d0b87464f68f7f8550433b6310f433583d004ad595f3e3
249,,,54cf6b4ffec94aaaeab5685daeb23ed067875053577a8481c962e29b83b80bd1
250,,,ea8b45966bf7437938824a5412ae839365bf56ba1f974f26f0fcda4bb7b5bdfa
251,,,d9d922a3042eaa366c1664dc99d2fe7a33743286318ec5910cdce82e0bd032ad
252,,,d7d992ba2e272ffd7e2857dfa5b4f8f7f7b03d11fd98c2af5be90905d4719245
253,,,5e95b31da3fc16d51abd957ed96c2f1c31131d22a8d59a851d2824a18695445f
254,,,f71916f1dc0d057edbe0f490fa62fe81c3c218e8b3b0039323ee6f5838e7a0c7
255,,,004b3e4af7d6bf0595ce464ff020e2fb88fe7e425ad97987035c6211180aa676
256,,,8b238fa169271d9ce2892de4013b4d5197cce744f1cfafb57828ee53743d7010
257,,,019008d3f7dba6740dc9280153ef0e1962202359f368ae1fc530930a8b6435ae
258,,,d6d83416098d5b56c100801684506770691fcca6fd2d49e70127bd0847907393
259,,,d88f0d16d5b0e37543ee439218ff413a6df2f1ac8e059c5545e4df21dad4ee7d
260,,,61c0fc56e07f97c70b9f954be0e4649d5a6197400066c9177b83fc8a890b268c
261,,,05b52c57b430ae00bda18f2cb4e8b24cfbff75009dda0eee66e448d036962df4
262,,,17e57dc725426151defe82f39e48aa37b874bc207caca7548d767b3279c2b84b
263,,,bbc22f94c72115d786d0fe19e814053dec4939a3d1b66730ca20e670c3529b2e
264,,,fc649d6112f9cc9bcc9c92842e10a45332c3ee154d4e28f45b1ee891e4f47473
265,,,e7ff211260def84cf181bda52b5b106e879330c16bf58713f5636c1f5b1e440a
266,,,43684288cd3ff05beb61e249767413d3c566676bdc9593ae99dc746de33f3059
267,,,9d7c7c00a1dd8a352d1f3105dd1fbea4e1db90def7a1dfd9381d1cf57af52987
268,,,25bd0b1196df8828f434799961c0badc6673f08a67c12ac89c13e2663d9d3f87
269,,,f2f595912d6b2f7cc6ee97cf71f4d41eeb9bf38a755f2ae8ed18df9d2700a68d
270,,,be69be775ae97e1895944dab256fa165cdd16bdb582e8ff28befc1e1755d9997
271,,,8b011e23fdb71c26a19f4c76bd8c26df8bc4b79dab1d1ffd4cb66cf1ac30631b
272,,,2201e1f9334e60e375d626feaa7e90124974a4ecefc98798ce57469c9037ca84
273,,,d6e4532ea745d40c113fd41a895aea4486040759890841a169d2b5f27ab84766
274,,,e5fd01c554f75f613db7e2a82726b60853d1859e8baeea31e78055d858ec3e43
275,,,061bf5051b9677c507e92f6a601404ea8c5300956e90c092837314f6ba3d11c7
276,,,556b6e3537ee2f0071be5a54fd2fec317ee97db57f5997014981dc7907d8d383
277,,,f4b8855558753a2b72c1fec0416dad4270cfa1a94f17b6d44174805f7d39b828
278,,,d52ff38a5e7a0c063b8b08024195ddf9fb7c314f15b9fb3369b29dd6825b6566
279,,,e39e0f4aee9b5f147a07a0d957eb47f184aa8e87df9ec2cd8b48db7794380301
280,,,b55ac4d55c6072d41572615d967a64a6d1c1cb188895a9fbf407b610f33a6f1f
281,,,79f2f52998e6ee3a802b2bc51490162b0b4e7526dec361ae0f472f65544370be
282,,,8dfb87db1a56d86d72c975047424269918cd311215a01b80cdf3a3879db4eeb3
283,,,34d067ebca6a0dd101088f34c172463fc4dcf0377baefaa4acf5ef33d1f23603
284,,,f18dbbbb001e93c37e2d25d125494ab2b3eb41ede161d669e3a3d85be03e13f9
285,,,85f242e7611c8255eb63afdba1e4eefd8c4df55816b43a5a7cecae31a5e2a62e
286,,,d14e6f5bb5663dcc2f82226eecd331eee5f3b531dc10daa2e78b5ee3cafb5f33
287,,,0e85d80408a6a8abf333fe3e213fe32bc6e76647d2c59e10d6c9cf5a85ca2d31
288,,,e280bd32a4284b15963771776e0c18aac80c770d1e8cc4d770136f6976c53e45
289,,,9b0186a9252900f890b9f66552fc0fb6648cc3203bee39e951fd0b2a9a23caf9
290,,,d57512891b5bf2088d8b6c44f856cacfa7a1af388fce96dfa02898a80b248fd0
291,,,4fd1b6b0863e9ea4ce79795b9d8204bf9d38e7794601e6892873abc759b37330
292,,,78c388ba4f126d596b90ff5c8d766049226cdc53e10ec40edbdf0e0c8ee90827
293,,,6fedbd398dd6862ce03c6ed2d23bf32a37fa12277b1f9d40196d6c2d999ec532
294,,,f6ef7cc5fb4988c2296d71e3ff8149d0a2d7436f0a24fe1fb6213bbd4f238f31
295,,,447c6db660b35aa5754f8d3af2a3676423c98fcf2f38395fe0f07f0ecbb63a68
296,,,68f3c04924d117298c4297023c47cc7ab302c8ffb9882ae807144a4e6cd66b54
297,,,e9a68d346bf3ffcdabeee5b5b068d6ff6ecabeb88b0b14a41cc013980e0cce5d
298,,,b2f227022aded48f7a7a9eb2123b52a9fa118b112a97c0d18555716fbafa5325
299,,,ca33b56760ee8e428e484dbe57e718a6857e38707dbca8a2864d40e3691ebae2
300,,,c3cb0250b3be1e8146a38a919e6d9df183b4129e6a91309e008927ce9e81f46d
301,wendy-the-banker,587645e2-5ace-11ed-9b6a-0242ac120002,9af7d016defdd7f075078d00128b98ddd6d32805d7571fb87cfd0641ff6ebe3f
302,uduak-the-dark horse,58764862-5ace-11ed-9b6a-0242ac120002,8e30faa986655bc137582a2a941befab58793fc5989be9b5f4d5e7712f342cde
303,timeyin -the -eccentric,58764a2e-5ace-11ed-9b6a-0242ac120002,dbd5d2cf1d7bb2bdc16b71a74fe6940205c608463fdfb43df40d6fc8a78b7fb7
304,omawunmi -the -businesswoman,58764b78-5ace-11ed-9b6a-0242ac120002,da207e509bf7e725b88e81264e2ef08004c24a95d6d766f3f8e713a2c4d496ec
305,halima -the -housewife,58764d8a-5ace-11ed-9b6a-0242ac120002,d176eba5b9df9ece02c746f74d02035ee29ad6dbc34ba1e4eed6ac6e57e28589
306,muna -the -block sister,58764ea2-5ace-11ed-9b6a-0242ac120002,426f88b049bd3483ee4d5d979cdf12574f9e0405723439e3ebba03133e4b7266
307,stella -the -gossip,58764fd8-5ace-11ed-9b6a-0242ac120002,b656a704e10d607d6fc45d1273acef0237fcf1020be8b47cf3c2b2f3dfe5e452
308,agbani -the -wannabe,5876542e-5ace-11ed-9b6a-0242ac120002,09aca407de441cce004a8a413894b8f8f20a1b78d371475d1eca9b33515ca89a
309,asante-the -warrior,58765578-5ace-11ed-9b6a-0242ac120002,24404353c1d6a7b69374c9768f7d7edee25872d2593955c065f0f7a9f8372b9c
310,hilda -the insomaniac,5876569a-5ace-11ed-9b6a-0242ac120002,f7ed22f6c2fb6a9caa5912f32ba8afaaef6959d36d28558a74922ddcdba8b7b8
311,sisi yemi-the -street aunty,587657a8-5ace-11ed-9b6a-0242ac120002,bec3e96bcfb91c14937872bfe62b7e618d6575c2afddbfafb75ce04fce88e11a
312,chiamaka -the -bully,587658ca-5ace-11ed-9b6a-0242ac120002,c0f8d6d76c5ef41a529bcadd1853ebca9e4a96f93791ea5cf3a804e5be03d99a
313,gift-the-fashionista,58765adc-5ace-11ed-9b6a-0242ac120002,d57e1f995ce764c36952b9d6605bc40d70e97ed7e41d220d24c84a72a1ff781f
314,omoyene-the-weirdo,58765bea-5ace-11ed-9b6a-0242ac120002,5b1b95fffc9340ab00f8ddaf1ec04163e0c12cb7a08dd90a845c059fac9ca3bb
315,maria-the -freshface,58765d02-5ace-11ed-9b6a-0242ac120002,94cf43ec92f02b57b233d6ced8ff2b46ae877a965554bdb758ae12f4699e604d
316,monica-the-smoker,58765e24-5ace-11ed-9b6a-0242ac120002,2a3c381dbce3001d3a01638850ce4f1eb49fc3c5c5fba6958e3f5c6752a8be6e
317,,,c102fc323c9b16791c3b7a3212cff3b3ec3ebe360c425ef4d8f0ba9d2c738139
318,,,7b826d933afaaae1220d49874fdf81ce5f1219253874bb207c9923ccbeec90c0
319,,,2f3de5c097d02d12a937fdca5639149ff801181ff3cb2576ea6a7ca84026f309
320,,,685adf195232d074945a7a3393a0a5963746a14b6be325d30d2ab385539cd67f
321,,,934961d290d20302f4e17132cf1efafc8423266e6ed5d036c0cc14b28003ba67
322,,,3ebc2e7b9f7d9d555540bf8ed925fe2c975a0166abda2308b5ca47fe31fcd799
323,,,7a90c4716c5ef35e52f6ac753a79b7c0dc8980935f41def5ca26b513d2d92916
324,,,8360c647e7842b344d9a286a94568e01a705c787da1ae56c50b01c773dbcfaff
325,,,523258edc360af5a34502a675a2598ac3b46facf00eb4583ada982769145f9ad
326,,,e512f6e991242d31e437e2f923a4f4c532ca999a629f4d5f549485451c6fa850
327,,,8a892283f38b33a5b1edddc9974e451624ba3de41fb275f2ac114568c20bd5f6
328,,,0b220c8a7a272758ed9097c1f539bd72e956c36331106a671ebd61f475f060d9
329,,,b6902752d1546cb3b4bc17bd26ea01acd230210d9cb83a24de74f47126f6839d
330,,,65cf2877ca9a3d5d3fa7a0da4a69cb48f50e15566395af793a7a962653c77b4b
331,,,5d56f0fad3ae710767f6a436d5614b349c70ae42a9e3efc6b65bbff76a983b82
332,,,ec4d317fd7c7fd3024ffee4e5b5a4e015d31a0de66327747c45feba6023b0db5
333,,,87fe081825741db3ba391137d0a76d56abb2533c4a645d58c11e09a5b9308e8c
334,,,08f02e8f591e335fc353dcfdee24e5370ea49c2c89586e23139f84bd56735947
335,,,f4b7f5e4768e2bf929209a1cc4e45ca1a8634c7ad128ea095bb9fd7a3cc35d50
336,,,6e8839c6992c5b96b9778a6102863674a652bc3620da9585ddd89013cb9d6139
337,,,cd07743886c59cfad9c8db89a26a5b7ff4fbb5e51f7b850ed3b56f4796116519
338,,,40eb57a9aedf5c77c94ec770c6bdf822660ad99e107d81e41191ad17518dbe9d
339,,,d68f27ca0cdb4d5778f5e679f835cb2b039a3b21cc1607b0faddb9c92c35b13a
340,,,4f0a376b8bd7d5b3418d5f2549bcf3f4486fe3f4e3d4d3395ea09f22b2419a4a
341,mansur-the-partyrider,78db0f29-3936-4d9c-bb90-3dbf20dba2dd,4de42b6f7d31744023bfd53e73b90e4aeebf76242fd437e108a60398da414eb0
342,tola-the-businessman,1c5d5a6b-cf04-4bf9-978e-22a7e9bc5819,f681f5b3645765f85257471c0fde28c10999e32b457af58e9e81dc985b6dd23f
343,abdullahi-the-honorable,dd708276-445f-4483-8357-fc08e999328f,37d29eb0206f1f0a6d5f58d0495cf8c3869ba1c48c393e87f99c9792684f52e7
344,ojukwu-the-badguy,76c1eabf-15ea-446a-8426-472982c4d800,79130d584c69f808942dbb395935181e7ace1527a10a4c192c8dd53a4cbe25e0
345,odunsi-the-egbonadugbo,2912ab8b-5875-4277-a5c2-a0209aee90ae,2b60dbb43851e7980e6457780f93f51214a55dcafe29003f418e11a668cb8ffe
346,ogogo-the-sugardaddy,aa575f30-04ad-45f9-a798-199465117793,c9370e576fd5d8d0b122c403ce7e2dfc3439583f841a7100209ac6e3aff34688
347,suli-the-amalaseller,46fd4821-04dd-4f65-9290-c130a00c4c93,e4253926cde0160e5be12b40e1b9f350701e06256ac07dfc91230670b3e08ab2
348,dolapo-the-afrocentric,cbab232b-5c62-4df8-867b-018a2e496cd4,7767b6543fbafe9769307398687d5289ab4c86aa85720126a0f03472ff0491bf
349,danjuma-the-saddist,5a42af57-186e-425b-b6b1-f72bda4911ef,f12aa8e0efe4da19c76b1b77653d112ed21288584add9bb228ee38bce916461d
350,chinedu-the-farmer,9e8a55d7-0d8d-465d-a628-08ddd387a2c6,11012f17d5cde347968596438ad39cc055abb56c3e84291fabc994fc83845c00
351,kola-the-baldguy,c32f1757-da9c-49e8-bd79-510a42b6971a,6371d7401210bdfa2b5b1582eff760c1eea6602c2a479da2bf35c216b368637e
352,bola-the-bosslady,09ff910d-a2be-49d5-8b27-b9378458701c,6e9fc96f163d2ef543944a60d6a78f4f6966a5b367b8fad409d1b0e6f1496d40
353,kunle-the-alienguy,dea2f5d8-e3ba-4d3f-9a17-0a7edfd0c100,3efdfac77d834f25753f2c02645fbeaa8354fded061f135ec12e076aa85c0afc
354,segun-the-sharp,f9159a9c-f48d-4aee-bcc1-63c86209f806,00ca2d8e44b0068fc81420b3dc363384d0b3a39161f88e3fd9c74bec0b3e6095
355,ola-the-hardguy,a814fc77-bdfa-4e50-8ba8-3e4e4bcfb3c0,f79f67f0af3485c75a2895f88debd8061c41934a917b5d97e562ab7617b1e795
356,emeka-the-chief,195e89c8-0b6f-43ad-9a2c-d20f03439e96,6316e9a5b3a039d3bdec9e290c55516e4932e65eb6e6dab2c3f1c6ff1d5d05ca
357,ugochukwu-the-celeb,74775cda-cff4-4d21-8819-693127598eca,246b7b968e64ee8da2097e5189d10a15937b36875b8786d87b825a3d6c9dc7ac
358,adekunle-the-yorubademon,5c98c2d8-3144-4e08-8a0f-9b8d7e4f5aa7,564c1969c1e06ca1823a1b7da3c23d56d86a93b20b28d6d17fce80743bfe35d8
359,favour-the-fashionista,19fc15c3-80fe-4d45-a2fe-be8f087d57c4,3d2df29dff5da32c2884e8f3151d252d5578ea3e3813fddf95f4aaf4737ab684
360,jane-the-slayqueen,74775cda-cff4-4d21-8819-693127598eca,ad9552ef8f592a2dfb76d3587eeb7f9776abd7045afd99753711e23d246531e5
361,,,9479d6623f91eb50f10fec161abbdb18091e8239614195451be878c87d5fb818
362,,,8c2a64dd837e9a9e3dadc485ded79b0a27d16c3fcd749970fa668a71ff5c99c1
363,,,520391faa0b17c70ed4b1811466433837f54cd295c235c7fb77063d66f7cc946
364,,,ed6f9962071fe229c26e13330d479b28fa30f220726f1822923be3ded5a29d48
365,,,6416312e29cb735565776dcec62ef2257b6e7308c2958445c4b8715441f30df2
366,,,a48624f97dc7ede0faa355b09bbf554e3237dd86c7966a39efa3e211f0ee4121
367,,,6294692473cfdb0f89fe7c1c254b86e9689065e17adee3d5eac91573a2de9467
368,,,89d23296d60c9d15138d7f5ed4f8866a877de35056037aeea6f1c2d34412f41f
369,,,e688a53a53f07ecfcf7bdb66867d7c286db730a4d72eade26089c751418e1684
370,,,e2f3970008591641585821fa6f9eefee30f470ce4efb917d3c8f3025d257af78
371,,,2afcf1f60cf59400a381e43c3f6b991f886114c1286189cbcda1b0038f73e68c
372,,,51234e12829a7cf09476e258fbe4aa9abb80d6d92b498f8fb7eaf028a5fa2b9e
373,,,f9b293a4010c7beae3b31cc6d9013f417d25ce0a23535495d7f4fd9c798a303a
374,,,c419845057354495fa7e4c57ad59806593207bdded73705c9a7e15deafc3960c
375,,,2a19f9b2a3440ded586258c1cb7d5d79b152a4d56ce6832e8545c86ed4732907
376,,,a5056ca57000636a1e4e00912249b081d576c82967922a855866cfc6f0e349ee
377,,,7569824f19f2708fd14165236ab516b31bb8130a880b2170092852a251c8a6f4
378,,,d9c446213e4da9421791afe3e6dd6c21421903bd44ad26578bb018f65e3fc15b
379,,,a96686a6e2cf5a16085b41a2e979e083c3cb6bc8b0f9a28626e94f0e252cacd4
380,,,5a0894e1661f61e1645b78bff375b24d8234bf29773f976b8c6b6f045745e41f
381,,,95cc46c0afe8e72fb3e07358cdf2099f0edab3d12841372be8d055eccc340b83
382,,,edf9a6d7b2a3607cfa8227465f3ebc4006d6f5838654445123d416f09fd2c892
383,,,ecbcada0967d248963d39224e3b1dff267773a01e56af1f843ddd6d29e4d7a4d
384,,,b297d42d888b48e2dd20628ee3ec2060a4a08c893db87dc0bce5969743f37774
385,,,15b7e83437553cb8689bd948ec5ad1dd7c12b65f9c4f8e6115ac2d38c9fa067f
386,,,8d8b33e0e40dd42315f2164c3613db5d7275a4c3f0dec5bdc3034d2432afec16
387,,,c66ce32d8cd475a0742c1f5f7d8ae8e954df0d74c42cd94b5280fa61264e6c26
388,,,242577007bb19a6b7d46d74d8316ead5cb6ad35a490cc76f29c6e0729e09e0b1
389,,,2fa9652743b4cfbdc5dbae5a937137d17a2dbcea522bbac1e626a564fc2ef1a1
390,,,ca11478acc857f604d352223131b8efa9f399606c02288bed47840f7a5357a4c
391,,,f6355dec2a48277794d4d7252482efe7ed2302b19601c18ca958cd84a81bd266
392,,,6cfe7c737d8b0efdbafdc4ac22f0a14bb4dd7173e1f3ed3e1595fcad757e4573
,,,6cfe7c737d8b0efdbafdc4ac22f0a14bb4dd7173e1f3ed3e1595fcad757e4573
